S.No,Department Name,Official Website / Portal
1,Advanced Centre For Women's Studies,https://www.amu.ac.in/department/centre-for-women-s-studies
2,Agricultural Eco. & Business Mngt.,https://www.amu.ac.in/department/agricultural-eco-business-mngt
3,Agricultural Microbiology,https://www.amu.ac.in/department/agricultural-microbiology
4,Amraze Jild Wa Zohrawiya,https://www.amu.ac.in/department/amraze-jild-wa-zohrawiya
5,Anaesthesiology,https://www.amu.ac.in/department/anaesthesiology
6,Anatomy,https://www.amu.ac.in/department/anatomy
7,Applied Chemistry,https://www.amu.ac.in/department/applied-chemistry
8,Applied Mathematics,https://www.amu.ac.in/department/applied-mathematics
9,Applied Physics,https://www.amu.ac.in/department/applied-physics
10,Arabic,https://www.amu.ac.in/department/arabic
11,Architecture,https://www.amu.ac.in/department/architecture
12,Bio-Chemistry (JNMC),https://www.amu.ac.in/department/bio-chemistry-jnmc
13,Bio-Chemistry (Life Sciences),https://www.amu.ac.in/department/bio-chemistry-life-sciences
14,Botany,https://www.amu.ac.in/department/botany
15,Business Administration,https://www.amu.ac.in/department/business-administration
16,Business Administration - Malappuram,https://www.amu.ac.in/department/business-administration-malappuram
17,Business Administration - Murshidabad,https://www.amu.ac.in/department/business-administration-murshidabad
18,Cardiology,https://www.amu.ac.in/department/cardiology
19,Cardiothoracic Surgery,https://www.amu.ac.in/department/cardiothoracic-surgery
20,Chemical Engineering,https://www.amu.ac.in/department/chemical-engineering
21,Chemistry,https://www.amu.ac.in/department/chemistry
22,Civil Engineering,https://www.amu.ac.in/department/civil-engineering
23,Commerce,https://www.amu.ac.in/department/commerce
24,Community Medicine,https://www.amu.ac.in/department/community-medicine
25,Computer Engineering,https://www.amu.ac.in/department/computer-engineering
26,Computer Science,https://www.amu.ac.in/department/computer-science
27,Conservative Dentistry & Endodontics,https://www.amu.ac.in/department/conservative-dentistry-endodontics
28,Dermatology,https://www.amu.ac.in/department/dermatology
29,Economics,https://www.amu.ac.in/department/economics
30,Education,https://www.amu.ac.in/department/education
31,Education - Malappuram,https://www.amu.ac.in/department/education-malappuram
32,Education - Murshidabad,https://www.amu.ac.in/department/education-murshidabad
33,Electrical Engineering,https://www.amu.ac.in/department/electrical-engineering
34,Electronics Engineering,https://www.amu.ac.in/department/electronics-engineering
35,English,https://www.amu.ac.in/department/english
36,Fine Arts,https://www.amu.ac.in/department/fine-arts
37,Foreign Languages,https://www.amu.ac.in/department/foreign-languages
38,Forensic Medicine,https://www.amu.ac.in/department/forensic-medicine
39,Geography,https://www.amu.ac.in/department/geography
40,Geology,https://www.amu.ac.in/department/geology
41,Hindi,https://www.amu.ac.in/department/hindi
42,History,https://www.amu.ac.in/department/history
43,Home Sciences,https://www.amu.ac.in/department/home-sciences
44,Ilaj-Bit-Tadbeer,https://www.amu.ac.in/department/ilaj-bit-tadbeer
45,Ilmul Advia,https://www.amu.ac.in/department/ilmul-advia
46,Ilmul Amraz,https://www.amu.ac.in/department/ilmul-amraz
47,Ilmul Atfal,https://www.amu.ac.in/department/ilmul-atfal
48,Industrial Chemistry,https://www.amu.ac.in/department/industrial-chemistry
49,Interdisciplinary Biotechnology Unit,https://www.amu.ac.in/department/interdisciplinary-biotechnology-unit
50,Interdisciplinary Department Of Remote Sensing And GIS Applications,https://www.amu.ac.in/department/interdisciplinary-department-of-remote-sensing-and-gis-applications
51,Islamic Studies,https://www.amu.ac.in/department/islamic-studies
52,Jarahat,https://www.amu.ac.in/department/jarahat
53,K. A. Nizami Centre For Quranic Studies,https://www.amu.ac.in/department/k-a-nizami-centre-for-quranic-studies
54,Kulliyat,https://www.amu.ac.in/department/kulliyat
55,Law,https://www.amu.ac.in/department/law
56,Law - Malappuram,https://www.amu.ac.in/department/law-malappuram
57,Law - Murshidabad,https://www.amu.ac.in/department/law-murshidabad
58,Library And Information Science,https://www.amu.ac.in/department/library-and-information-science
59,Linguistics,https://www.amu.ac.in/department/linguistics
60,Mass Communication,https://www.amu.ac.in/department/mass-communication
61,Mathematics,https://www.amu.ac.in/department/mathematics
62,Mechanical Engineering,https://www.amu.ac.in/department/mechanical-engineering
63,Medicine,https://www.amu.ac.in/department/medicine
64,Microbiology,https://www.amu.ac.in/department/microbiology
65,Moalajat (Medicine),https://www.amu.ac.in/department/moalejat
66,Modern Indian Languages,https://www.amu.ac.in/department/modern-indian-languages
67,Museology,https://www.amu.ac.in/department/museology
68,Neuro Surgery,https://www.amu.ac.in/department/neuro-surgery
69,Niswan Wa Qabalat,https://www.amu.ac.in/department/amraz-e-niswan-wa-atfal
70,Obstetrics And Gynaecology,https://www.amu.ac.in/department/obstetrics-and-gynaecology
71,Ophthalmology,https://www.amu.ac.in/department/ophthalmology
72,Oral & Maxillofacial Surgery,https://www.amu.ac.in/department/oral-and-maxillofacial-surgery
73,Oral Medicine And Radiology,https://www.amu.ac.in/department/oral-pathology-oral-medicine-radiology
74,Oral Pathology And Microbiology,https://www.amu.ac.in/department/oral-pathology-and-microbiology
75,Orthodontics And Dentofacial Orthopedics And Dental Anatomy,https://www.amu.ac.in/department/orthodontics-and-dentofacial-orthopedics
76,Orthopaedic Surgery,https://www.amu.ac.in/department/orthopaedic-surgery
77,OTO-Rhino-Laryngology (E.N.T.),https://www.amu.ac.in/department/oto-rhino-laryngology-e-n-t
78,Paediatric Surgery,https://www.amu.ac.in/department/paediatric-surgery
79,Paediatrics,https://www.amu.ac.in/department/paediatrics
80,Paediatrics & Preventive Dentistry,https://www.amu.ac.in/department/paediatrics-preventive-dentistry
81,Pathology,https://www.amu.ac.in/department/pathology
82,Periodontology,https://www.amu.ac.in/department/periodontics-and-community-dentistry
83,Persian,https://www.amu.ac.in/department/persian
84,Petroleum Studies,https://www.amu.ac.in/department/petroleum-studies
85,Pharmacology,https://www.amu.ac.in/department/pharmacology
86,Philosophy,https://www.amu.ac.in/department/philosophy
87,Physical Education,https://www.amu.ac.in/department/physical-education
88,Physics,https://www.amu.ac.in/department/physics
89,Physiology,https://www.amu.ac.in/department/physiology
90,Plant Protection,https://www.amu.ac.in/department/plant-protection
91,Plastic Surgery,https://www.amu.ac.in/department/plastic-surgery
92,Political Science,https://www.amu.ac.in/department/political-science
93,Post Harvest Engineering And Technology,https://www.amu.ac.in/department/post-harvest-engineering-and-technology
94,Prosthodontics/Dental Material,https://www.amu.ac.in/department/prosthodontics-and-dental-material
95,Psychiatry,https://www.amu.ac.in/department/psychiatry
96,Psychology,https://www.amu.ac.in/department/psychology
97,Public Health Dentistry,https://www.amu.ac.in/department/public-health-dentistry
98,Radio-Diagnosis,https://www.amu.ac.in/department/radio-diagnosis
99,Radiotherapy,https://www.amu.ac.in/department/radiotherapy
100,Saidla,https://www.amu.ac.in/department/saidla
101,Sanskrit,https://www.amu.ac.in/department/sanskrit
102,Shia Theology,https://www.amu.ac.in/department/shia-theology
103,Social Work,https://www.amu.ac.in/department/social-work
104,Sociology,https://www.amu.ac.in/department/sociology
105,South African & Brazilian Studies,https://www.amu.ac.in/department/south-african-brazilian-studies
106,Statistics And Operations Research,https://www.amu.ac.in/department/statistics-and-operations-research
107,Strategic & Security Studies,https://www.amu.ac.in/department/strategic-security-studies
108,Sunni Theology,https://www.amu.ac.in/department/sunni-theology
109,Surgery,https://www.amu.ac.in/department/surgery
110,Tahaffuzi-Wa-Samaji-Tib,https://www.amu.ac.in/department/tahaffuzi-wa-samaji-tib
111,Tashreeh Wa Munafeul Aza,https://www.amu.ac.in/department/tashreeh-wa-munafeul-aza
112,Tashreehul Badan,https://www.amu.ac.in/department/department-of-tashreehul-badan
113,TB And Chest Diseases,https://www.amu.ac.in/department/tb-and-chest-diseases
114,Urdu,https://www.amu.ac.in/department/urdu
115,West Asian Studies And North African Studies,https://www.amu.ac.in/department/west-asian-studies-and-north-african-studies
116,Wildlife Sciences,https://www.amu.ac.in/department/wildlife-sciences
117,Women's College,https://www.amu.ac.in/department/womens-college
118,Zoology,https://www.amu.ac.in/department/zoology
Total,118 Teaching Departments,Official AMU Academic Directory